(no author) = no_author <no_author@no_author.cvs2svn>
garmillas = Santosh garmilla <garmillas@mail.nih.gov>
gursesl = gursesl <gursesl>
konkapv = Prasad Konka <prasad.konka@nih.gov>
liany = Yongjian Lian <liany@mail.nih.gov>
modik = Kunal Modi <modik@mail.nih.gov>
parmarv = Vijay Parmar <parmarv@mail.nih.gov>
saksass = Steve Saksa <saksass@mail.nih.gov>
wangeug = Eugene Wang <wangeug@mail.nih.gov>
raleygj = Greg Raley <greg.raley@nih.gov>
vinjamuripl = Prakash Vinjamuri <vinjamuripl>
svnuser = svnuser <svnuser>
patelk = Kalpesh Patel <kpatel@ekagrasoft.com>
abdurazika = Aynur Abdurazik <abdurazika>
panq = Qinyan Pan <panq@mail.nih.gov>
copene = copene <copene>
cvsuser = cvsuser <cvsuser>
griffinc = Charles Griffin <griffinc>
griffinch = Charles Griffin  <griffinch>
hunterst = Steven Hunter <hunterst@mail.nih.gov>
hustedb = hustedb <hustedb>
kumarv = Vinay Kumar <vinay.kumar@nih.gov>
narram = Mihi Narra <mahidhar.narra@nih.gov>
roebucko = roebucko <roebucko>
tbassett = tbassett <tbassett>